id;type;x;y;extrapolate
0x00000201362FDB00;char_line;[0.0, 1.0];[1.0, 1.0];False
0x00000201362FD518;char_line;[0.0, 1.0];[1.0, 1.0];False
0x00000201362FD668;char_line;[0.0, 1.0];[1.0, 1.0];False
0x00000201362FDB38;char_line;[0.0, 1.0];[1.0, 1.0];False
0x00000201362FDBE0;char_line;[0.0, 1.0];[1.0, 1.0];False
0x00000201362FDC50;char_line;[0.0, 1.0];[1.0, 1.0];False
0x00000201362FDC18;char_line;[0.0, 1.0];[1.0, 1.0];False
0x00000201362FDB70;char_line;[0.0, 1.0];[1.0, 1.0];False
0x00000201362FDBA8;char_line;[0.0, 1.0];[1.0, 1.0];False
0x00000201362FDC88;char_line;[0.0, 1.0];[1.0, 1.0];False
0x00000201362FDD30;char_line;[0.0, 1.0];[1.0, 1.0];False
0x00000201362FDCC0;char_line;[0.0, 1.0];[1.0, 1.0];False
0x00000201362FDCF8;char_line;[0.0, 1.0];[1.0, 1.0];False
0x00000201362FD8D0;char_line;[0.0, 1.0];[1.0, 1.0];False
0x00000201362FD940;char_line;[0.0, 1.0];[1.0, 1.0];False
0x00000201362FD978;char_line;[0.0, 1.0];[1.0, 1.0];False
0x00000201362FD908;char_line;[0.0, 1.0];[1.0, 1.0];False
0x00000201362FDD68;char_line;[0.0, 1.0];[1.0, 1.0];False
0x00000201362FDFD0;char_line;[0.0, 1.0];[1.0, 1.0];False
0x00000201362FDDA0;char_line;[0.0, 1.0];[1.0, 1.0];False
0x00000201362FDDD8;char_line;[0.0, 1.0];[1.0, 1.0];False
0x00000201362FDE48;char_line;[0.0, 1.0];[1.0, 1.0];False
0x00000201362FDE80;char_line;[0.0, 1.0];[1.0, 1.0];False
0x00000201362FDE10;char_line;[0.0, 1.0];[1.0, 1.0];False
0x00000201362FDEB8;char_line;[0.0, 1.0];[1.0, 1.0];False
0x00000201362FDEF0;char_line;[0.0, 1.0];[1.0, 1.0];False
0x00000201362FDF60;char_line;[0.0, 1.0];[1.0, 1.0];False
0x00000201362FDF98;char_line;[0.0, 1.0];[1.0, 1.0];False
0x00000201362FDF28;char_line;[0.0, 1.0];[1.0, 1.0];False
0x00000201362FD7F0;char_line;[0.0, 1.0];[1.0, 1.0];False
0x00000201362FD828;char_line;[0.0, 1.0];[1.0, 1.0];False
0x00000201362FD860;char_line;[0.0, 1.0];[1.0, 1.0];False
0x00000201362FD7B8;char_line;[0.0, 0.01084, 0.03655, 0.07779, 0.13389, 0.20417, 0.28796, 0.38458, 0.49337, 0.61364, 0.74473, 0.88595, 1.0, 1.19613, 1.36374, 1.53879, 1.72061, 1.90854, 2.10189, 2.29999, 2.50217, 2.70776, 2.91608, 3.0];[0.01, 0.09598, 0.18995, 0.28191, 0.37185, 0.45974, 0.54557, 0.62932, 0.71098, 0.79053, 0.86796, 0.94324, 1.0, 1.0873, 1.15605, 1.22259, 1.28691, 1.34898, 1.40879, 1.46633, 1.52157, 1.5745, 1.62511, 1.645];False
0x0000020135CAADD8;char_line;[0.0, 0.01084, 0.03655, 0.07779, 0.13389, 0.20417, 0.28796, 0.38458, 0.49337, 0.61364, 0.74473, 0.88595, 1.0, 1.19613, 1.36374, 1.53879, 1.72061, 1.90854, 2.10189, 2.29999, 2.50217, 2.70776, 2.91608, 3.0];[0.01, 0.09598, 0.18995, 0.28191, 0.37185, 0.45974, 0.54557, 0.62932, 0.71098, 0.79053, 0.86796, 0.94324, 1.0, 1.0873, 1.15605, 1.22259, 1.28691, 1.34898, 1.40879, 1.46633, 1.52157, 1.5745, 1.62511, 1.645];False
0x0000020135CAAF98;char_line;[0.0, 0.01084, 0.03655, 0.07779, 0.13389, 0.20417, 0.28796, 0.38458, 0.49337, 0.61364, 0.74473, 0.88595, 1.0, 1.19613, 1.36374, 1.53879, 1.72061, 1.90854, 2.10189, 2.29999, 2.50217, 2.70776, 2.91608, 3.0];[0.01, 0.09598, 0.18995, 0.28191, 0.37185, 0.45974, 0.54557, 0.62932, 0.71098, 0.79053, 0.86796, 0.94324, 1.0, 1.0873, 1.15605, 1.22259, 1.28691, 1.34898, 1.40879, 1.46633, 1.52157, 1.5745, 1.62511, 1.645];False
0x000002011223A240;char_line;[0.0, 0.01084, 0.03655, 0.07779, 0.13389, 0.20417, 0.28796, 0.38458, 0.49337, 0.61364, 0.74473, 0.88595, 1.0, 1.19613, 1.36374, 1.53879, 1.72061, 1.90854, 2.10189, 2.29999, 2.50217, 2.70776, 2.91608, 3.0];[0.01, 0.09598, 0.18995, 0.28191, 0.37185, 0.45974, 0.54557, 0.62932, 0.71098, 0.79053, 0.86796, 0.94324, 1.0, 1.0873, 1.15605, 1.22259, 1.28691, 1.34898, 1.40879, 1.46633, 1.52157, 1.5745, 1.62511, 1.645];False
0x00000201357374E0;char_line;[0.0, 0.01084, 0.03655, 0.07779, 0.13389, 0.20417, 0.28796, 0.38458, 0.49337, 0.61364, 0.74473, 0.88595, 1.0, 1.19613, 1.36374, 1.53879, 1.72061, 1.90854, 2.10189, 2.29999, 2.50217, 2.70776, 2.91608, 3.0];[0.01, 0.09598, 0.18995, 0.28191, 0.37185, 0.45974, 0.54557, 0.62932, 0.71098, 0.79053, 0.86796, 0.94324, 1.0, 1.0873, 1.15605, 1.22259, 1.28691, 1.34898, 1.40879, 1.46633, 1.52157, 1.5745, 1.62511, 1.645];False
0x000002013535B2B0;char_line;[0.0, 0.01084, 0.03655, 0.07779, 0.13389, 0.20417, 0.28796, 0.38458, 0.49337, 0.61364, 0.74473, 0.88595, 1.0, 1.19613, 1.36374, 1.53879, 1.72061, 1.90854, 2.10189, 2.29999, 2.50217, 2.70776, 2.91608, 3.0];[0.01, 0.09598, 0.18995, 0.28191, 0.37185, 0.45974, 0.54557, 0.62932, 0.71098, 0.79053, 0.86796, 0.94324, 1.0, 1.0873, 1.15605, 1.22259, 1.28691, 1.34898, 1.40879, 1.46633, 1.52157, 1.5745, 1.62511, 1.645];False
0x000002013535B390;char_line;[0.0, 0.01084, 0.03655, 0.07779, 0.13389, 0.20417, 0.28796, 0.38458, 0.49337, 0.61364, 0.74473, 0.88595, 1.0, 1.19613, 1.36374, 1.53879, 1.72061, 1.90854, 2.10189, 2.29999, 2.50217, 2.70776, 2.91608, 3.0];[0.01, 0.09598, 0.18995, 0.28191, 0.37185, 0.45974, 0.54557, 0.62932, 0.71098, 0.79053, 0.86796, 0.94324, 1.0, 1.0873, 1.15605, 1.22259, 1.28691, 1.34898, 1.40879, 1.46633, 1.52157, 1.5745, 1.62511, 1.645];False
0x0000020135CDE5C0;char_line;[0.0, 0.01084, 0.03655, 0.07779, 0.13389, 0.20417, 0.28796, 0.38458, 0.49337, 0.61364, 0.74473, 0.88595, 1.0, 1.19613, 1.36374, 1.53879, 1.72061, 1.90854, 2.10189, 2.29999, 2.50217, 2.70776, 2.91608, 3.0];[0.01, 0.09598, 0.18995, 0.28191, 0.37185, 0.45974, 0.54557, 0.62932, 0.71098, 0.79053, 0.86796, 0.94324, 1.0, 1.0873, 1.15605, 1.22259, 1.28691, 1.34898, 1.40879, 1.46633, 1.52157, 1.5745, 1.62511, 1.645];False
0x0000020135CDE898;char_line;[0.0, 0.01084, 0.03655, 0.07779, 0.13389, 0.20417, 0.28796, 0.38458, 0.49337, 0.61364, 0.74473, 0.88595, 1.0, 1.19613, 1.36374, 1.53879, 1.72061, 1.90854, 2.10189, 2.29999, 2.50217, 2.70776, 2.91608, 3.0];[0.01, 0.09598, 0.18995, 0.28191, 0.37185, 0.45974, 0.54557, 0.62932, 0.71098, 0.79053, 0.86796, 0.94324, 1.0, 1.0873, 1.15605, 1.22259, 1.28691, 1.34898, 1.40879, 1.46633, 1.52157, 1.5745, 1.62511, 1.645];False
0x0000020135CDE8D0;char_line;[0.0, 0.01084, 0.03655, 0.07779, 0.13389, 0.20417, 0.28796, 0.38458, 0.49337, 0.61364, 0.74473, 0.88595, 1.0, 1.19613, 1.36374, 1.53879, 1.72061, 1.90854, 2.10189, 2.29999, 2.50217, 2.70776, 2.91608, 3.0];[0.01, 0.09598, 0.18995, 0.28191, 0.37185, 0.45974, 0.54557, 0.62932, 0.71098, 0.79053, 0.86796, 0.94324, 1.0, 1.0873, 1.15605, 1.22259, 1.28691, 1.34898, 1.40879, 1.46633, 1.52157, 1.5745, 1.62511, 1.645];False
0x0000020135CDE860;char_line;[0.0, 0.01084, 0.03655, 0.07779, 0.13389, 0.20417, 0.28796, 0.38458, 0.49337, 0.61364, 0.74473, 0.88595, 1.0, 1.19613, 1.36374, 1.53879, 1.72061, 1.90854, 2.10189, 2.29999, 2.50217, 2.70776, 2.91608, 3.0];[0.01, 0.09598, 0.18995, 0.28191, 0.37185, 0.45974, 0.54557, 0.62932, 0.71098, 0.79053, 0.86796, 0.94324, 1.0, 1.0873, 1.15605, 1.22259, 1.28691, 1.34898, 1.40879, 1.46633, 1.52157, 1.5745, 1.62511, 1.645];False
0x0000020135CDE780;char_line;[0.0, 0.01084, 0.03655, 0.07779, 0.13389, 0.20417, 0.28796, 0.38458, 0.49337, 0.61364, 0.74473, 0.88595, 1.0, 1.19613, 1.36374, 1.53879, 1.72061, 1.90854, 2.10189, 2.29999, 2.50217, 2.70776, 2.91608, 3.0];[0.01, 0.09598, 0.18995, 0.28191, 0.37185, 0.45974, 0.54557, 0.62932, 0.71098, 0.79053, 0.86796, 0.94324, 1.0, 1.0873, 1.15605, 1.22259, 1.28691, 1.34898, 1.40879, 1.46633, 1.52157, 1.5745, 1.62511, 1.645];False
0x0000020135CDE518;char_line;[0.0, 0.01084, 0.03655, 0.07779, 0.13389, 0.20417, 0.28796, 0.38458, 0.49337, 0.61364, 0.74473, 0.88595, 1.0, 1.19613, 1.36374, 1.53879, 1.72061, 1.90854, 2.10189, 2.29999, 2.50217, 2.70776, 2.91608, 3.0];[0.01, 0.09598, 0.18995, 0.28191, 0.37185, 0.45974, 0.54557, 0.62932, 0.71098, 0.79053, 0.86796, 0.94324, 1.0, 1.0873, 1.15605, 1.22259, 1.28691, 1.34898, 1.40879, 1.46633, 1.52157, 1.5745, 1.62511, 1.645];False
0x0000020135CDE9B0;char_line;[0.0, 0.01084, 0.03655, 0.07779, 0.13389, 0.20417, 0.28796, 0.38458, 0.49337, 0.61364, 0.74473, 0.88595, 1.0, 1.19613, 1.36374, 1.53879, 1.72061, 1.90854, 2.10189, 2.29999, 2.50217, 2.70776, 2.91608, 3.0];[0.01, 0.09598, 0.18995, 0.28191, 0.37185, 0.45974, 0.54557, 0.62932, 0.71098, 0.79053, 0.86796, 0.94324, 1.0, 1.0873, 1.15605, 1.22259, 1.28691, 1.34898, 1.40879, 1.46633, 1.52157, 1.5745, 1.62511, 1.645];False
0x0000020135CDE6A0;char_line;[0.0, 0.01084, 0.03655, 0.07779, 0.13389, 0.20417, 0.28796, 0.38458, 0.49337, 0.61364, 0.74473, 0.88595, 1.0, 1.19613, 1.36374, 1.53879, 1.72061, 1.90854, 2.10189, 2.29999, 2.50217, 2.70776, 2.91608, 3.0];[0.01, 0.09598, 0.18995, 0.28191, 0.37185, 0.45974, 0.54557, 0.62932, 0.71098, 0.79053, 0.86796, 0.94324, 1.0, 1.0873, 1.15605, 1.22259, 1.28691, 1.34898, 1.40879, 1.46633, 1.52157, 1.5745, 1.62511, 1.645];False
0x0000020135CDE4A8;char_line;[0.0, 0.01084, 0.03655, 0.07779, 0.13389, 0.20417, 0.28796, 0.38458, 0.49337, 0.61364, 0.74473, 0.88595, 1.0, 1.19613, 1.36374, 1.53879, 1.72061, 1.90854, 2.10189, 2.29999, 2.50217, 2.70776, 2.91608, 3.0];[0.01, 0.09598, 0.18995, 0.28191, 0.37185, 0.45974, 0.54557, 0.62932, 0.71098, 0.79053, 0.86796, 0.94324, 1.0, 1.0873, 1.15605, 1.22259, 1.28691, 1.34898, 1.40879, 1.46633, 1.52157, 1.5745, 1.62511, 1.645];False
0x00000201353B28D0;char_line;[0.0, 0.01084, 0.03655, 0.07779, 0.13389, 0.20417, 0.28796, 0.38458, 0.49337, 0.61364, 0.74473, 0.88595, 1.0, 1.19613, 1.36374, 1.53879, 1.72061, 1.90854, 2.10189, 2.29999, 2.50217, 2.70776, 2.91608, 3.0];[0.01, 0.09598, 0.18995, 0.28191, 0.37185, 0.45974, 0.54557, 0.62932, 0.71098, 0.79053, 0.86796, 0.94324, 1.0, 1.0873, 1.15605, 1.22259, 1.28691, 1.34898, 1.40879, 1.46633, 1.52157, 1.5745, 1.62511, 1.645];False
0x00000201353B2048;char_line;[0.0, 0.01084, 0.03655, 0.07779, 0.13389, 0.20417, 0.28796, 0.38458, 0.49337, 0.61364, 0.74473, 0.88595, 1.0, 1.19613, 1.36374, 1.53879, 1.72061, 1.90854, 2.10189, 2.29999, 2.50217, 2.70776, 2.91608, 3.0];[0.01, 0.09598, 0.18995, 0.28191, 0.37185, 0.45974, 0.54557, 0.62932, 0.71098, 0.79053, 0.86796, 0.94324, 1.0, 1.0873, 1.15605, 1.22259, 1.28691, 1.34898, 1.40879, 1.46633, 1.52157, 1.5745, 1.62511, 1.645];False
0x00000201353B20F0;char_line;[0.0, 0.01084, 0.03655, 0.07779, 0.13389, 0.20417, 0.28796, 0.38458, 0.49337, 0.61364, 0.74473, 0.88595, 1.0, 1.19613, 1.36374, 1.53879, 1.72061, 1.90854, 2.10189, 2.29999, 2.50217, 2.70776, 2.91608, 3.0];[0.01, 0.09598, 0.18995, 0.28191, 0.37185, 0.45974, 0.54557, 0.62932, 0.71098, 0.79053, 0.86796, 0.94324, 1.0, 1.0873, 1.15605, 1.22259, 1.28691, 1.34898, 1.40879, 1.46633, 1.52157, 1.5745, 1.62511, 1.645];False
0x00000201353B2160;char_line;[0.0, 0.01084, 0.03655, 0.07779, 0.13389, 0.20417, 0.28796, 0.38458, 0.49337, 0.61364, 0.74473, 0.88595, 1.0, 1.19613, 1.36374, 1.53879, 1.72061, 1.90854, 2.10189, 2.29999, 2.50217, 2.70776, 2.91608, 3.0];[0.01, 0.09598, 0.18995, 0.28191, 0.37185, 0.45974, 0.54557, 0.62932, 0.71098, 0.79053, 0.86796, 0.94324, 1.0, 1.0873, 1.15605, 1.22259, 1.28691, 1.34898, 1.40879, 1.46633, 1.52157, 1.5745, 1.62511, 1.645];False
0x00000201353B2128;char_line;[0.0, 0.01084, 0.03655, 0.07779, 0.13389, 0.20417, 0.28796, 0.38458, 0.49337, 0.61364, 0.74473, 0.88595, 1.0, 1.19613, 1.36374, 1.53879, 1.72061, 1.90854, 2.10189, 2.29999, 2.50217, 2.70776, 2.91608, 3.0];[0.01, 0.09598, 0.18995, 0.28191, 0.37185, 0.45974, 0.54557, 0.62932, 0.71098, 0.79053, 0.86796, 0.94324, 1.0, 1.0873, 1.15605, 1.22259, 1.28691, 1.34898, 1.40879, 1.46633, 1.52157, 1.5745, 1.62511, 1.645];False
0x00000201353B2080;char_line;[0.0, 0.01084, 0.03655, 0.07779, 0.13389, 0.20417, 0.28796, 0.38458, 0.49337, 0.61364, 0.74473, 0.88595, 1.0, 1.19613, 1.36374, 1.53879, 1.72061, 1.90854, 2.10189, 2.29999, 2.50217, 2.70776, 2.91608, 3.0];[0.01, 0.09598, 0.18995, 0.28191, 0.37185, 0.45974, 0.54557, 0.62932, 0.71098, 0.79053, 0.86796, 0.94324, 1.0, 1.0873, 1.15605, 1.22259, 1.28691, 1.34898, 1.40879, 1.46633, 1.52157, 1.5745, 1.62511, 1.645];False
0x00000201353B20B8;char_line;[0.0, 0.01084, 0.03655, 0.07779, 0.13389, 0.20417, 0.28796, 0.38458, 0.49337, 0.61364, 0.74473, 0.88595, 1.0, 1.19613, 1.36374, 1.53879, 1.72061, 1.90854, 2.10189, 2.29999, 2.50217, 2.70776, 2.91608, 3.0];[0.01, 0.09598, 0.18995, 0.28191, 0.37185, 0.45974, 0.54557, 0.62932, 0.71098, 0.79053, 0.86796, 0.94324, 1.0, 1.0873, 1.15605, 1.22259, 1.28691, 1.34898, 1.40879, 1.46633, 1.52157, 1.5745, 1.62511, 1.645];False
0x00000201353B2198;char_line;[0.0, 0.01084, 0.03655, 0.07779, 0.13389, 0.20417, 0.28796, 0.38458, 0.49337, 0.61364, 0.74473, 0.88595, 1.0, 1.19613, 1.36374, 1.53879, 1.72061, 1.90854, 2.10189, 2.29999, 2.50217, 2.70776, 2.91608, 3.0];[0.01, 0.09598, 0.18995, 0.28191, 0.37185, 0.45974, 0.54557, 0.62932, 0.71098, 0.79053, 0.86796, 0.94324, 1.0, 1.0873, 1.15605, 1.22259, 1.28691, 1.34898, 1.40879, 1.46633, 1.52157, 1.5745, 1.62511, 1.645];False
0x00000201353B2240;char_line;[0.0, 0.01084, 0.03655, 0.07779, 0.13389, 0.20417, 0.28796, 0.38458, 0.49337, 0.61364, 0.74473, 0.88595, 1.0, 1.19613, 1.36374, 1.53879, 1.72061, 1.90854, 2.10189, 2.29999, 2.50217, 2.70776, 2.91608, 3.0];[0.01, 0.09598, 0.18995, 0.28191, 0.37185, 0.45974, 0.54557, 0.62932, 0.71098, 0.79053, 0.86796, 0.94324, 1.0, 1.0873, 1.15605, 1.22259, 1.28691, 1.34898, 1.40879, 1.46633, 1.52157, 1.5745, 1.62511, 1.645];False
0x00000201353B21D0;char_line;[0.0, 0.01084, 0.03655, 0.07779, 0.13389, 0.20417, 0.28796, 0.38458, 0.49337, 0.61364, 0.74473, 0.88595, 1.0, 1.19613, 1.36374, 1.53879, 1.72061, 1.90854, 2.10189, 2.29999, 2.50217, 2.70776, 2.91608, 3.0];[0.01, 0.09598, 0.18995, 0.28191, 0.37185, 0.45974, 0.54557, 0.62932, 0.71098, 0.79053, 0.86796, 0.94324, 1.0, 1.0873, 1.15605, 1.22259, 1.28691, 1.34898, 1.40879, 1.46633, 1.52157, 1.5745, 1.62511, 1.645];False
0x00000201353B2208;char_line;[0.0, 0.01084, 0.03655, 0.07779, 0.13389, 0.20417, 0.28796, 0.38458, 0.49337, 0.61364, 0.74473, 0.88595, 1.0, 1.19613, 1.36374, 1.53879, 1.72061, 1.90854, 2.10189, 2.29999, 2.50217, 2.70776, 2.91608, 3.0];[0.01, 0.09598, 0.18995, 0.28191, 0.37185, 0.45974, 0.54557, 0.62932, 0.71098, 0.79053, 0.86796, 0.94324, 1.0, 1.0873, 1.15605, 1.22259, 1.28691, 1.34898, 1.40879, 1.46633, 1.52157, 1.5745, 1.62511, 1.645];False
0x00000201353B2358;char_line;[0.0, 0.01084, 0.03655, 0.07779, 0.13389, 0.20417, 0.28796, 0.38458, 0.49337, 0.61364, 0.74473, 0.88595, 1.0, 1.19613, 1.36374, 1.53879, 1.72061, 1.90854, 2.10189, 2.29999, 2.50217, 2.70776, 2.91608, 3.0];[0.01, 0.09598, 0.18995, 0.28191, 0.37185, 0.45974, 0.54557, 0.62932, 0.71098, 0.79053, 0.86796, 0.94324, 1.0, 1.0873, 1.15605, 1.22259, 1.28691, 1.34898, 1.40879, 1.46633, 1.52157, 1.5745, 1.62511, 1.645];False
0x00000201353B22E8;char_line;[0.0, 0.01084, 0.03655, 0.07779, 0.13389, 0.20417, 0.28796, 0.38458, 0.49337, 0.61364, 0.74473, 0.88595, 1.0, 1.19613, 1.36374, 1.53879, 1.72061, 1.90854, 2.10189, 2.29999, 2.50217, 2.70776, 2.91608, 3.0];[0.01, 0.09598, 0.18995, 0.28191, 0.37185, 0.45974, 0.54557, 0.62932, 0.71098, 0.79053, 0.86796, 0.94324, 1.0, 1.0873, 1.15605, 1.22259, 1.28691, 1.34898, 1.40879, 1.46633, 1.52157, 1.5745, 1.62511, 1.645];False
0x00000201353B2278;char_line;[0.0, 0.01084, 0.03655, 0.07779, 0.13389, 0.20417, 0.28796, 0.38458, 0.49337, 0.61364, 0.74473, 0.88595, 1.0, 1.19613, 1.36374, 1.53879, 1.72061, 1.90854, 2.10189, 2.29999, 2.50217, 2.70776, 2.91608, 3.0];[0.01, 0.09598, 0.18995, 0.28191, 0.37185, 0.45974, 0.54557, 0.62932, 0.71098, 0.79053, 0.86796, 0.94324, 1.0, 1.0873, 1.15605, 1.22259, 1.28691, 1.34898, 1.40879, 1.46633, 1.52157, 1.5745, 1.62511, 1.645];False
0x00000201353B22B0;char_line;[0.0, 0.01084, 0.03655, 0.07779, 0.13389, 0.20417, 0.28796, 0.38458, 0.49337, 0.61364, 0.74473, 0.88595, 1.0, 1.19613, 1.36374, 1.53879, 1.72061, 1.90854, 2.10189, 2.29999, 2.50217, 2.70776, 2.91608, 3.0];[0.01, 0.09598, 0.18995, 0.28191, 0.37185, 0.45974, 0.54557, 0.62932, 0.71098, 0.79053, 0.86796, 0.94324, 1.0, 1.0873, 1.15605, 1.22259, 1.28691, 1.34898, 1.40879, 1.46633, 1.52157, 1.5745, 1.62511, 1.645];False
0x00000201353B2438;char_line;[0.0, 0.01084, 0.03655, 0.07779, 0.13389, 0.20417, 0.28796, 0.38458, 0.49337, 0.61364, 0.74473, 0.88595, 1.0, 1.19613, 1.36374, 1.53879, 1.72061, 1.90854, 2.10189, 2.29999, 2.50217, 2.70776, 2.91608, 3.0];[0.01, 0.09598, 0.18995, 0.28191, 0.37185, 0.45974, 0.54557, 0.62932, 0.71098, 0.79053, 0.86796, 0.94324, 1.0, 1.0873, 1.15605, 1.22259, 1.28691, 1.34898, 1.40879, 1.46633, 1.52157, 1.5745, 1.62511, 1.645];False
0x00000201353B2630;char_line;[0.0, 0.01084, 0.03655, 0.07779, 0.13389, 0.20417, 0.28796, 0.38458, 0.49337, 0.61364, 0.74473, 0.88595, 1.0, 1.19613, 1.36374, 1.53879, 1.72061, 1.90854, 2.10189, 2.29999, 2.50217, 2.70776, 2.91608, 3.0];[0.01, 0.09598, 0.18995, 0.28191, 0.37185, 0.45974, 0.54557, 0.62932, 0.71098, 0.79053, 0.86796, 0.94324, 1.0, 1.0873, 1.15605, 1.22259, 1.28691, 1.34898, 1.40879, 1.46633, 1.52157, 1.5745, 1.62511, 1.645];False
0x00000201353B25F8;char_line;[0.0, 0.01084, 0.03655, 0.07779, 0.13389, 0.20417, 0.28796, 0.38458, 0.49337, 0.61364, 0.74473, 0.88595, 1.0, 1.19613, 1.36374, 1.53879, 1.72061, 1.90854, 2.10189, 2.29999, 2.50217, 2.70776, 2.91608, 3.0];[0.01, 0.09598, 0.18995, 0.28191, 0.37185, 0.45974, 0.54557, 0.62932, 0.71098, 0.79053, 0.86796, 0.94324, 1.0, 1.0873, 1.15605, 1.22259, 1.28691, 1.34898, 1.40879, 1.46633, 1.52157, 1.5745, 1.62511, 1.645];False
0x00000201353B2470;char_line;[0.0, 0.01084, 0.03655, 0.07779, 0.13389, 0.20417, 0.28796, 0.38458, 0.49337, 0.61364, 0.74473, 0.88595, 1.0, 1.19613, 1.36374, 1.53879, 1.72061, 1.90854, 2.10189, 2.29999, 2.50217, 2.70776, 2.91608, 3.0];[0.01, 0.09598, 0.18995, 0.28191, 0.37185, 0.45974, 0.54557, 0.62932, 0.71098, 0.79053, 0.86796, 0.94324, 1.0, 1.0873, 1.15605, 1.22259, 1.28691, 1.34898, 1.40879, 1.46633, 1.52157, 1.5745, 1.62511, 1.645];False
0x00000201353B25C0;char_line;[0.0, 0.01084, 0.03655, 0.07779, 0.13389, 0.20417, 0.28796, 0.38458, 0.49337, 0.61364, 0.74473, 0.88595, 1.0, 1.19613, 1.36374, 1.53879, 1.72061, 1.90854, 2.10189, 2.29999, 2.50217, 2.70776, 2.91608, 3.0];[0.01, 0.09598, 0.18995, 0.28191, 0.37185, 0.45974, 0.54557, 0.62932, 0.71098, 0.79053, 0.86796, 0.94324, 1.0, 1.0873, 1.15605, 1.22259, 1.28691, 1.34898, 1.40879, 1.46633, 1.52157, 1.5745, 1.62511, 1.645];False
0x00000201353B26D8;char_line;[0.0, 0.01084, 0.03655, 0.07779, 0.13389, 0.20417, 0.28796, 0.38458, 0.49337, 0.61364, 0.74473, 0.88595, 1.0, 1.19613, 1.36374, 1.53879, 1.72061, 1.90854, 2.10189, 2.29999, 2.50217, 2.70776, 2.91608, 3.0];[0.01, 0.09598, 0.18995, 0.28191, 0.37185, 0.45974, 0.54557, 0.62932, 0.71098, 0.79053, 0.86796, 0.94324, 1.0, 1.0873, 1.15605, 1.22259, 1.28691, 1.34898, 1.40879, 1.46633, 1.52157, 1.5745, 1.62511, 1.645];False
0x00000201353B2710;char_line;[0.0, 0.01084, 0.03655, 0.07779, 0.13389, 0.20417, 0.28796, 0.38458, 0.49337, 0.61364, 0.74473, 0.88595, 1.0, 1.19613, 1.36374, 1.53879, 1.72061, 1.90854, 2.10189, 2.29999, 2.50217, 2.70776, 2.91608, 3.0];[0.01, 0.09598, 0.18995, 0.28191, 0.37185, 0.45974, 0.54557, 0.62932, 0.71098, 0.79053, 0.86796, 0.94324, 1.0, 1.0873, 1.15605, 1.22259, 1.28691, 1.34898, 1.40879, 1.46633, 1.52157, 1.5745, 1.62511, 1.645];False
0x00000201353B2748;char_line;[0.0, 0.01084, 0.03655, 0.07779, 0.13389, 0.20417, 0.28796, 0.38458, 0.49337, 0.61364, 0.74473, 0.88595, 1.0, 1.19613, 1.36374, 1.53879, 1.72061, 1.90854, 2.10189, 2.29999, 2.50217, 2.70776, 2.91608, 3.0];[0.01, 0.09598, 0.18995, 0.28191, 0.37185, 0.45974, 0.54557, 0.62932, 0.71098, 0.79053, 0.86796, 0.94324, 1.0, 1.0873, 1.15605, 1.22259, 1.28691, 1.34898, 1.40879, 1.46633, 1.52157, 1.5745, 1.62511, 1.645];False
0x00000201353B2320;char_line;[0.0, 0.01084, 0.03655, 0.07779, 0.13389, 0.20417, 0.28796, 0.38458, 0.49337, 0.61364, 0.74473, 0.88595, 1.0, 1.19613, 1.36374, 1.53879, 1.72061, 1.90854, 2.10189, 2.29999, 2.50217, 2.70776, 2.91608, 3.0];[0.01, 0.09598, 0.18995, 0.28191, 0.37185, 0.45974, 0.54557, 0.62932, 0.71098, 0.79053, 0.86796, 0.94324, 1.0, 1.0873, 1.15605, 1.22259, 1.28691, 1.34898, 1.40879, 1.46633, 1.52157, 1.5745, 1.62511, 1.645];False
0x00000201353B2860;char_line;[0.0, 0.01084, 0.03655, 0.07779, 0.13389, 0.20417, 0.28796, 0.38458, 0.49337, 0.61364, 0.74473, 0.88595, 1.0, 1.19613, 1.36374, 1.53879, 1.72061, 1.90854, 2.10189, 2.29999, 2.50217, 2.70776, 2.91608, 3.0];[0.01, 0.09598, 0.18995, 0.28191, 0.37185, 0.45974, 0.54557, 0.62932, 0.71098, 0.79053, 0.86796, 0.94324, 1.0, 1.0873, 1.15605, 1.22259, 1.28691, 1.34898, 1.40879, 1.46633, 1.52157, 1.5745, 1.62511, 1.645];False
0x00000201353B27F0;char_line;[0.0, 0.01084, 0.03655, 0.07779, 0.13389, 0.20417, 0.28796, 0.38458, 0.49337, 0.61364, 0.74473, 0.88595, 1.0, 1.19613, 1.36374, 1.53879, 1.72061, 1.90854, 2.10189, 2.29999, 2.50217, 2.70776, 2.91608, 3.0];[0.01, 0.09598, 0.18995, 0.28191, 0.37185, 0.45974, 0.54557, 0.62932, 0.71098, 0.79053, 0.86796, 0.94324, 1.0, 1.0873, 1.15605, 1.22259, 1.28691, 1.34898, 1.40879, 1.46633, 1.52157, 1.5745, 1.62511, 1.645];False
0x00000201353B2780;char_line;[0.0, 0.01084, 0.03655, 0.07779, 0.13389, 0.20417, 0.28796, 0.38458, 0.49337, 0.61364, 0.74473, 0.88595, 1.0, 1.19613, 1.36374, 1.53879, 1.72061, 1.90854, 2.10189, 2.29999, 2.50217, 2.70776, 2.91608, 3.0];[0.01, 0.09598, 0.18995, 0.28191, 0.37185, 0.45974, 0.54557, 0.62932, 0.71098, 0.79053, 0.86796, 0.94324, 1.0, 1.0873, 1.15605, 1.22259, 1.28691, 1.34898, 1.40879, 1.46633, 1.52157, 1.5745, 1.62511, 1.645];False
0x00000201353B2940;char_line;[0.0, 0.01084, 0.03655, 0.07779, 0.13389, 0.20417, 0.28796, 0.38458, 0.49337, 0.61364, 0.74473, 0.88595, 1.0, 1.19613, 1.36374, 1.53879, 1.72061, 1.90854, 2.10189, 2.29999, 2.50217, 2.70776, 2.91608, 3.0];[0.01, 0.09598, 0.18995, 0.28191, 0.37185, 0.45974, 0.54557, 0.62932, 0.71098, 0.79053, 0.86796, 0.94324, 1.0, 1.0873, 1.15605, 1.22259, 1.28691, 1.34898, 1.40879, 1.46633, 1.52157, 1.5745, 1.62511, 1.645];False
0x00000201353B29B0;char_line;[0.0, 0.01084, 0.03655, 0.07779, 0.13389, 0.20417, 0.28796, 0.38458, 0.49337, 0.61364, 0.74473, 0.88595, 1.0, 1.19613, 1.36374, 1.53879, 1.72061, 1.90854, 2.10189, 2.29999, 2.50217, 2.70776, 2.91608, 3.0];[0.01, 0.09598, 0.18995, 0.28191, 0.37185, 0.45974, 0.54557, 0.62932, 0.71098, 0.79053, 0.86796, 0.94324, 1.0, 1.0873, 1.15605, 1.22259, 1.28691, 1.34898, 1.40879, 1.46633, 1.52157, 1.5745, 1.62511, 1.645];False
0x00000201353B2A20;char_line;[0.0, 0.01084, 0.03655, 0.07779, 0.13389, 0.20417, 0.28796, 0.38458, 0.49337, 0.61364, 0.74473, 0.88595, 1.0, 1.19613, 1.36374, 1.53879, 1.72061, 1.90854, 2.10189, 2.29999, 2.50217, 2.70776, 2.91608, 3.0];[0.01, 0.09598, 0.18995, 0.28191, 0.37185, 0.45974, 0.54557, 0.62932, 0.71098, 0.79053, 0.86796, 0.94324, 1.0, 1.0873, 1.15605, 1.22259, 1.28691, 1.34898, 1.40879, 1.46633, 1.52157, 1.5745, 1.62511, 1.645];False
0x00000201353B2A90;char_line;[0.0, 0.01084, 0.03655, 0.07779, 0.13389, 0.20417, 0.28796, 0.38458, 0.49337, 0.61364, 0.74473, 0.88595, 1.0, 1.19613, 1.36374, 1.53879, 1.72061, 1.90854, 2.10189, 2.29999, 2.50217, 2.70776, 2.91608, 3.0];[0.01, 0.09598, 0.18995, 0.28191, 0.37185, 0.45974, 0.54557, 0.62932, 0.71098, 0.79053, 0.86796, 0.94324, 1.0, 1.0873, 1.15605, 1.22259, 1.28691, 1.34898, 1.40879, 1.46633, 1.52157, 1.5745, 1.62511, 1.645];False
0x00000201353B2B00;char_line;[0.0, 0.01084, 0.03655, 0.07779, 0.13389, 0.20417, 0.28796, 0.38458, 0.49337, 0.61364, 0.74473, 0.88595, 1.0, 1.19613, 1.36374, 1.53879, 1.72061, 1.90854, 2.10189, 2.29999, 2.50217, 2.70776, 2.91608, 3.0];[0.01, 0.09598, 0.18995, 0.28191, 0.37185, 0.45974, 0.54557, 0.62932, 0.71098, 0.79053, 0.86796, 0.94324, 1.0, 1.0873, 1.15605, 1.22259, 1.28691, 1.34898, 1.40879, 1.46633, 1.52157, 1.5745, 1.62511, 1.645];False
0x00000201353B2B70;char_line;[0.0, 0.01084, 0.03655, 0.07779, 0.13389, 0.20417, 0.28796, 0.38458, 0.49337, 0.61364, 0.74473, 0.88595, 1.0, 1.19613, 1.36374, 1.53879, 1.72061, 1.90854, 2.10189, 2.29999, 2.50217, 2.70776, 2.91608, 3.0];[0.01, 0.09598, 0.18995, 0.28191, 0.37185, 0.45974, 0.54557, 0.62932, 0.71098, 0.79053, 0.86796, 0.94324, 1.0, 1.0873, 1.15605, 1.22259, 1.28691, 1.34898, 1.40879, 1.46633, 1.52157, 1.5745, 1.62511, 1.645];False
0x00000201353B2BA8;char_line;[0.0, 0.01084, 0.03655, 0.07779, 0.13389, 0.20417, 0.28796, 0.38458, 0.49337, 0.61364, 0.74473, 0.88595, 1.0, 1.19613, 1.36374, 1.53879, 1.72061, 1.90854, 2.10189, 2.29999, 2.50217, 2.70776, 2.91608, 3.0];[0.01, 0.09598, 0.18995, 0.28191, 0.37185, 0.45974, 0.54557, 0.62932, 0.71098, 0.79053, 0.86796, 0.94324, 1.0, 1.0873, 1.15605, 1.22259, 1.28691, 1.34898, 1.40879, 1.46633, 1.52157, 1.5745, 1.62511, 1.645];False
0x00000201353B2BE0;char_line;[0.0, 0.01084, 0.03655, 0.07779, 0.13389, 0.20417, 0.28796, 0.38458, 0.49337, 0.61364, 0.74473, 0.88595, 1.0, 1.19613, 1.36374, 1.53879, 1.72061, 1.90854, 2.10189, 2.29999, 2.50217, 2.70776, 2.91608, 3.0];[0.01, 0.09598, 0.18995, 0.28191, 0.37185, 0.45974, 0.54557, 0.62932, 0.71098, 0.79053, 0.86796, 0.94324, 1.0, 1.0873, 1.15605, 1.22259, 1.28691, 1.34898, 1.40879, 1.46633, 1.52157, 1.5745, 1.62511, 1.645];False
0x00000201353B2CC0;char_line;[0.0, 0.01084, 0.03655, 0.07779, 0.13389, 0.20417, 0.28796, 0.38458, 0.49337, 0.61364, 0.74473, 0.88595, 1.0, 1.19613, 1.36374, 1.53879, 1.72061, 1.90854, 2.10189, 2.29999, 2.50217, 2.70776, 2.91608, 3.0];[0.01, 0.09598, 0.18995, 0.28191, 0.37185, 0.45974, 0.54557, 0.62932, 0.71098, 0.79053, 0.86796, 0.94324, 1.0, 1.0873, 1.15605, 1.22259, 1.28691, 1.34898, 1.40879, 1.46633, 1.52157, 1.5745, 1.62511, 1.645];False
0x00000201353B2CF8;char_line;[0.0, 0.01084, 0.03655, 0.07779, 0.13389, 0.20417, 0.28796, 0.38458, 0.49337, 0.61364, 0.74473, 0.88595, 1.0, 1.19613, 1.36374, 1.53879, 1.72061, 1.90854, 2.10189, 2.29999, 2.50217, 2.70776, 2.91608, 3.0];[0.01, 0.09598, 0.18995, 0.28191, 0.37185, 0.45974, 0.54557, 0.62932, 0.71098, 0.79053, 0.86796, 0.94324, 1.0, 1.0873, 1.15605, 1.22259, 1.28691, 1.34898, 1.40879, 1.46633, 1.52157, 1.5745, 1.62511, 1.645];False
0x00000201353B2D30;char_line;[0.0, 0.01084, 0.03655, 0.07779, 0.13389, 0.20417, 0.28796, 0.38458, 0.49337, 0.61364, 0.74473, 0.88595, 1.0, 1.19613, 1.36374, 1.53879, 1.72061, 1.90854, 2.10189, 2.29999, 2.50217, 2.70776, 2.91608, 3.0];[0.01, 0.09598, 0.18995, 0.28191, 0.37185, 0.45974, 0.54557, 0.62932, 0.71098, 0.79053, 0.86796, 0.94324, 1.0, 1.0873, 1.15605, 1.22259, 1.28691, 1.34898, 1.40879, 1.46633, 1.52157, 1.5745, 1.62511, 1.645];False
0x00000201353B2DD8;char_line;[0.0, 0.01084, 0.03655, 0.07779, 0.13389, 0.20417, 0.28796, 0.38458, 0.49337, 0.61364, 0.74473, 0.88595, 1.0, 1.19613, 1.36374, 1.53879, 1.72061, 1.90854, 2.10189, 2.29999, 2.50217, 2.70776, 2.91608, 3.0];[0.01, 0.09598, 0.18995, 0.28191, 0.37185, 0.45974, 0.54557, 0.62932, 0.71098, 0.79053, 0.86796, 0.94324, 1.0, 1.0873, 1.15605, 1.22259, 1.28691, 1.34898, 1.40879, 1.46633, 1.52157, 1.5745, 1.62511, 1.645];False
0x00000201353B2E10;char_line;[0.0, 0.01084, 0.03655, 0.07779, 0.13389, 0.20417, 0.28796, 0.38458, 0.49337, 0.61364, 0.74473, 0.88595, 1.0, 1.19613, 1.36374, 1.53879, 1.72061, 1.90854, 2.10189, 2.29999, 2.50217, 2.70776, 2.91608, 3.0];[0.01, 0.09598, 0.18995, 0.28191, 0.37185, 0.45974, 0.54557, 0.62932, 0.71098, 0.79053, 0.86796, 0.94324, 1.0, 1.0873, 1.15605, 1.22259, 1.28691, 1.34898, 1.40879, 1.46633, 1.52157, 1.5745, 1.62511, 1.645];False
0x00000201353B2EF0;char_line;[0.0, 0.01084, 0.03655, 0.07779, 0.13389, 0.20417, 0.28796, 0.38458, 0.49337, 0.61364, 0.74473, 0.88595, 1.0, 1.19613, 1.36374, 1.53879, 1.72061, 1.90854, 2.10189, 2.29999, 2.50217, 2.70776, 2.91608, 3.0];[0.01, 0.09598, 0.18995, 0.28191, 0.37185, 0.45974, 0.54557, 0.62932, 0.71098, 0.79053, 0.86796, 0.94324, 1.0, 1.0873, 1.15605, 1.22259, 1.28691, 1.34898, 1.40879, 1.46633, 1.52157, 1.5745, 1.62511, 1.645];False
0x00000201353B2F28;char_line;[0.0, 0.01084, 0.03655, 0.07779, 0.13389, 0.20417, 0.28796, 0.38458, 0.49337, 0.61364, 0.74473, 0.88595, 1.0, 1.19613, 1.36374, 1.53879, 1.72061, 1.90854, 2.10189, 2.29999, 2.50217, 2.70776, 2.91608, 3.0];[0.01, 0.09598, 0.18995, 0.28191, 0.37185, 0.45974, 0.54557, 0.62932, 0.71098, 0.79053, 0.86796, 0.94324, 1.0, 1.0873, 1.15605, 1.22259, 1.28691, 1.34898, 1.40879, 1.46633, 1.52157, 1.5745, 1.62511, 1.645];False
0x00000201353B2F98;char_line;[0.0, 0.01084, 0.03655, 0.07779, 0.13389, 0.20417, 0.28796, 0.38458, 0.49337, 0.61364, 0.74473, 0.88595, 1.0, 1.19613, 1.36374, 1.53879, 1.72061, 1.90854, 2.10189, 2.29999, 2.50217, 2.70776, 2.91608, 3.0];[0.01, 0.09598, 0.18995, 0.28191, 0.37185, 0.45974, 0.54557, 0.62932, 0.71098, 0.79053, 0.86796, 0.94324, 1.0, 1.0873, 1.15605, 1.22259, 1.28691, 1.34898, 1.40879, 1.46633, 1.52157, 1.5745, 1.62511, 1.645];False
0x00000201353B2FD0;char_line;[0.0, 0.01084, 0.03655, 0.07779, 0.13389, 0.20417, 0.28796, 0.38458, 0.49337, 0.61364, 0.74473, 0.88595, 1.0, 1.19613, 1.36374, 1.53879, 1.72061, 1.90854, 2.10189, 2.29999, 2.50217, 2.70776, 2.91608, 3.0];[0.01, 0.09598, 0.18995, 0.28191, 0.37185, 0.45974, 0.54557, 0.62932, 0.71098, 0.79053, 0.86796, 0.94324, 1.0, 1.0873, 1.15605, 1.22259, 1.28691, 1.34898, 1.40879, 1.46633, 1.52157, 1.5745, 1.62511, 1.645];False
0x0000020136372080;char_line;[0.0, 0.01084, 0.03655, 0.07779, 0.13389, 0.20417, 0.28796, 0.38458, 0.49337, 0.61364, 0.74473, 0.88595, 1.0, 1.19613, 1.36374, 1.53879, 1.72061, 1.90854, 2.10189, 2.29999, 2.50217, 2.70776, 2.91608, 3.0];[0.01, 0.09598, 0.18995, 0.28191, 0.37185, 0.45974, 0.54557, 0.62932, 0.71098, 0.79053, 0.86796, 0.94324, 1.0, 1.0873, 1.15605, 1.22259, 1.28691, 1.34898, 1.40879, 1.46633, 1.52157, 1.5745, 1.62511, 1.645];False
0x00000201363720F0;char_line;[0.0, 0.01084, 0.03655, 0.07779, 0.13389, 0.20417, 0.28796, 0.38458, 0.49337, 0.61364, 0.74473, 0.88595, 1.0, 1.19613, 1.36374, 1.53879, 1.72061, 1.90854, 2.10189, 2.29999, 2.50217, 2.70776, 2.91608, 3.0];[0.01, 0.09598, 0.18995, 0.28191, 0.37185, 0.45974, 0.54557, 0.62932, 0.71098, 0.79053, 0.86796, 0.94324, 1.0, 1.0873, 1.15605, 1.22259, 1.28691, 1.34898, 1.40879, 1.46633, 1.52157, 1.5745, 1.62511, 1.645];False
0x0000020136372160;char_line;[0.0, 0.01084, 0.03655, 0.07779, 0.13389, 0.20417, 0.28796, 0.38458, 0.49337, 0.61364, 0.74473, 0.88595, 1.0, 1.19613, 1.36374, 1.53879, 1.72061, 1.90854, 2.10189, 2.29999, 2.50217, 2.70776, 2.91608, 3.0];[0.01, 0.09598, 0.18995, 0.28191, 0.37185, 0.45974, 0.54557, 0.62932, 0.71098, 0.79053, 0.86796, 0.94324, 1.0, 1.0873, 1.15605, 1.22259, 1.28691, 1.34898, 1.40879, 1.46633, 1.52157, 1.5745, 1.62511, 1.645];False
0x00000201363721D0;char_line;[0.0, 0.01084, 0.03655, 0.07779, 0.13389, 0.20417, 0.28796, 0.38458, 0.49337, 0.61364, 0.74473, 0.88595, 1.0, 1.19613, 1.36374, 1.53879, 1.72061, 1.90854, 2.10189, 2.29999, 2.50217, 2.70776, 2.91608, 3.0];[0.01, 0.09598, 0.18995, 0.28191, 0.37185, 0.45974, 0.54557, 0.62932, 0.71098, 0.79053, 0.86796, 0.94324, 1.0, 1.0873, 1.15605, 1.22259, 1.28691, 1.34898, 1.40879, 1.46633, 1.52157, 1.5745, 1.62511, 1.645];False
0x0000020136372278;char_line;[0.0, 0.01084, 0.03655, 0.07779, 0.13389, 0.20417, 0.28796, 0.38458, 0.49337, 0.61364, 0.74473, 0.88595, 1.0, 1.19613, 1.36374, 1.53879, 1.72061, 1.90854, 2.10189, 2.29999, 2.50217, 2.70776, 2.91608, 3.0];[0.01, 0.09598, 0.18995, 0.28191, 0.37185, 0.45974, 0.54557, 0.62932, 0.71098, 0.79053, 0.86796, 0.94324, 1.0, 1.0873, 1.15605, 1.22259, 1.28691, 1.34898, 1.40879, 1.46633, 1.52157, 1.5745, 1.62511, 1.645];False
0x00000201363722B0;char_line;[0.0, 0.01084, 0.03655, 0.07779, 0.13389, 0.20417, 0.28796, 0.38458, 0.49337, 0.61364, 0.74473, 0.88595, 1.0, 1.19613, 1.36374, 1.53879, 1.72061, 1.90854, 2.10189, 2.29999, 2.50217, 2.70776, 2.91608, 3.0];[0.01, 0.09598, 0.18995, 0.28191, 0.37185, 0.45974, 0.54557, 0.62932, 0.71098, 0.79053, 0.86796, 0.94324, 1.0, 1.0873, 1.15605, 1.22259, 1.28691, 1.34898, 1.40879, 1.46633, 1.52157, 1.5745, 1.62511, 1.645];False
0x0000020136372320;char_line;[0.0, 0.01084, 0.03655, 0.07779, 0.13389, 0.20417, 0.28796, 0.38458, 0.49337, 0.61364, 0.74473, 0.88595, 1.0, 1.19613, 1.36374, 1.53879, 1.72061, 1.90854, 2.10189, 2.29999, 2.50217, 2.70776, 2.91608, 3.0];[0.01, 0.09598, 0.18995, 0.28191, 0.37185, 0.45974, 0.54557, 0.62932, 0.71098, 0.79053, 0.86796, 0.94324, 1.0, 1.0873, 1.15605, 1.22259, 1.28691, 1.34898, 1.40879, 1.46633, 1.52157, 1.5745, 1.62511, 1.645];False
0x00000201363723C8;char_line;[0.0, 0.01084, 0.03655, 0.07779, 0.13389, 0.20417, 0.28796, 0.38458, 0.49337, 0.61364, 0.74473, 0.88595, 1.0, 1.19613, 1.36374, 1.53879, 1.72061, 1.90854, 2.10189, 2.29999, 2.50217, 2.70776, 2.91608, 3.0];[0.01, 0.09598, 0.18995, 0.28191, 0.37185, 0.45974, 0.54557, 0.62932, 0.71098, 0.79053, 0.86796, 0.94324, 1.0, 1.0873, 1.15605, 1.22259, 1.28691, 1.34898, 1.40879, 1.46633, 1.52157, 1.5745, 1.62511, 1.645];False
0x0000020136372400;char_line;[0.0, 0.01084, 0.03655, 0.07779, 0.13389, 0.20417, 0.28796, 0.38458, 0.49337, 0.61364, 0.74473, 0.88595, 1.0, 1.19613, 1.36374, 1.53879, 1.72061, 1.90854, 2.10189, 2.29999, 2.50217, 2.70776, 2.91608, 3.0];[0.01, 0.09598, 0.18995, 0.28191, 0.37185, 0.45974, 0.54557, 0.62932, 0.71098, 0.79053, 0.86796, 0.94324, 1.0, 1.0873, 1.15605, 1.22259, 1.28691, 1.34898, 1.40879, 1.46633, 1.52157, 1.5745, 1.62511, 1.645];False
0x00000201363724E0;char_line;[0.0, 0.01084, 0.03655, 0.07779, 0.13389, 0.20417, 0.28796, 0.38458, 0.49337, 0.61364, 0.74473, 0.88595, 1.0, 1.19613, 1.36374, 1.53879, 1.72061, 1.90854, 2.10189, 2.29999, 2.50217, 2.70776, 2.91608, 3.0];[0.01, 0.09598, 0.18995, 0.28191, 0.37185, 0.45974, 0.54557, 0.62932, 0.71098, 0.79053, 0.86796, 0.94324, 1.0, 1.0873, 1.15605, 1.22259, 1.28691, 1.34898, 1.40879, 1.46633, 1.52157, 1.5745, 1.62511, 1.645];False
0x0000020136372518;char_line;[0.0, 0.01084, 0.03655, 0.07779, 0.13389, 0.20417, 0.28796, 0.38458, 0.49337, 0.61364, 0.74473, 0.88595, 1.0, 1.19613, 1.36374, 1.53879, 1.72061, 1.90854, 2.10189, 2.29999, 2.50217, 2.70776, 2.91608, 3.0];[0.01, 0.09598, 0.18995, 0.28191, 0.37185, 0.45974, 0.54557, 0.62932, 0.71098, 0.79053, 0.86796, 0.94324, 1.0, 1.0873, 1.15605, 1.22259, 1.28691, 1.34898, 1.40879, 1.46633, 1.52157, 1.5745, 1.62511, 1.645];False
0x0000020136372550;char_line;[0.0, 0.01084, 0.03655, 0.07779, 0.13389, 0.20417, 0.28796, 0.38458, 0.49337, 0.61364, 0.74473, 0.88595, 1.0, 1.19613, 1.36374, 1.53879, 1.72061, 1.90854, 2.10189, 2.29999, 2.50217, 2.70776, 2.91608, 3.0];[0.01, 0.09598, 0.18995, 0.28191, 0.37185, 0.45974, 0.54557, 0.62932, 0.71098, 0.79053, 0.86796, 0.94324, 1.0, 1.0873, 1.15605, 1.22259, 1.28691, 1.34898, 1.40879, 1.46633, 1.52157, 1.5745, 1.62511, 1.645];False
0x00000201363725C0;char_line;[0.0, 0.01084, 0.03655, 0.07779, 0.13389, 0.20417, 0.28796, 0.38458, 0.49337, 0.61364, 0.74473, 0.88595, 1.0, 1.19613, 1.36374, 1.53879, 1.72061, 1.90854, 2.10189, 2.29999, 2.50217, 2.70776, 2.91608, 3.0];[0.01, 0.09598, 0.18995, 0.28191, 0.37185, 0.45974, 0.54557, 0.62932, 0.71098, 0.79053, 0.86796, 0.94324, 1.0, 1.0873, 1.15605, 1.22259, 1.28691, 1.34898, 1.40879, 1.46633, 1.52157, 1.5745, 1.62511, 1.645];False
0x0000020136372630;char_line;[0.0, 0.01084, 0.03655, 0.07779, 0.13389, 0.20417, 0.28796, 0.38458, 0.49337, 0.61364, 0.74473, 0.88595, 1.0, 1.19613, 1.36374, 1.53879, 1.72061, 1.90854, 2.10189, 2.29999, 2.50217, 2.70776, 2.91608, 3.0];[0.01, 0.09598, 0.18995, 0.28191, 0.37185, 0.45974, 0.54557, 0.62932, 0.71098, 0.79053, 0.86796, 0.94324, 1.0, 1.0873, 1.15605, 1.22259, 1.28691, 1.34898, 1.40879, 1.46633, 1.52157, 1.5745, 1.62511, 1.645];False
0x00000201363726A0;char_line;[0.0, 0.01084, 0.03655, 0.07779, 0.13389, 0.20417, 0.28796, 0.38458, 0.49337, 0.61364, 0.74473, 0.88595, 1.0, 1.19613, 1.36374, 1.53879, 1.72061, 1.90854, 2.10189, 2.29999, 2.50217, 2.70776, 2.91608, 3.0];[0.01, 0.09598, 0.18995, 0.28191, 0.37185, 0.45974, 0.54557, 0.62932, 0.71098, 0.79053, 0.86796, 0.94324, 1.0, 1.0873, 1.15605, 1.22259, 1.28691, 1.34898, 1.40879, 1.46633, 1.52157, 1.5745, 1.62511, 1.645];False
0x0000020136372710;char_line;[0.0, 0.01084, 0.03655, 0.07779, 0.13389, 0.20417, 0.28796, 0.38458, 0.49337, 0.61364, 0.74473, 0.88595, 1.0, 1.19613, 1.36374, 1.53879, 1.72061, 1.90854, 2.10189, 2.29999, 2.50217, 2.70776, 2.91608, 3.0];[0.01, 0.09598, 0.18995, 0.28191, 0.37185, 0.45974, 0.54557, 0.62932, 0.71098, 0.79053, 0.86796, 0.94324, 1.0, 1.0873, 1.15605, 1.22259, 1.28691, 1.34898, 1.40879, 1.46633, 1.52157, 1.5745, 1.62511, 1.645];False
0x00000201363727B8;char_line;[0.0, 0.01084, 0.03655, 0.07779, 0.13389, 0.20417, 0.28796, 0.38458, 0.49337, 0.61364, 0.74473, 0.88595, 1.0, 1.19613, 1.36374, 1.53879, 1.72061, 1.90854, 2.10189, 2.29999, 2.50217, 2.70776, 2.91608, 3.0];[0.01, 0.09598, 0.18995, 0.28191, 0.37185, 0.45974, 0.54557, 0.62932, 0.71098, 0.79053, 0.86796, 0.94324, 1.0, 1.0873, 1.15605, 1.22259, 1.28691, 1.34898, 1.40879, 1.46633, 1.52157, 1.5745, 1.62511, 1.645];False
0x00000201363727F0;char_line;[0.0, 0.01084, 0.03655, 0.07779, 0.13389, 0.20417, 0.28796, 0.38458, 0.49337, 0.61364, 0.74473, 0.88595, 1.0, 1.19613, 1.36374, 1.53879, 1.72061, 1.90854, 2.10189, 2.29999, 2.50217, 2.70776, 2.91608, 3.0];[0.01, 0.09598, 0.18995, 0.28191, 0.37185, 0.45974, 0.54557, 0.62932, 0.71098, 0.79053, 0.86796, 0.94324, 1.0, 1.0873, 1.15605, 1.22259, 1.28691, 1.34898, 1.40879, 1.46633, 1.52157, 1.5745, 1.62511, 1.645];False
0x0000020136372898;char_line;[0.0, 0.01084, 0.03655, 0.07779, 0.13389, 0.20417, 0.28796, 0.38458, 0.49337, 0.61364, 0.74473, 0.88595, 1.0, 1.19613, 1.36374, 1.53879, 1.72061, 1.90854, 2.10189, 2.29999, 2.50217, 2.70776, 2.91608, 3.0];[0.01, 0.09598, 0.18995, 0.28191, 0.37185, 0.45974, 0.54557, 0.62932, 0.71098, 0.79053, 0.86796, 0.94324, 1.0, 1.0873, 1.15605, 1.22259, 1.28691, 1.34898, 1.40879, 1.46633, 1.52157, 1.5745, 1.62511, 1.645];False
0x0000020136372908;char_line;[0.0, 0.01084, 0.03655, 0.07779, 0.13389, 0.20417, 0.28796, 0.38458, 0.49337, 0.61364, 0.74473, 0.88595, 1.0, 1.19613, 1.36374, 1.53879, 1.72061, 1.90854, 2.10189, 2.29999, 2.50217, 2.70776, 2.91608, 3.0];[0.01, 0.09598, 0.18995, 0.28191, 0.37185, 0.45974, 0.54557, 0.62932, 0.71098, 0.79053, 0.86796, 0.94324, 1.0, 1.0873, 1.15605, 1.22259, 1.28691, 1.34898, 1.40879, 1.46633, 1.52157, 1.5745, 1.62511, 1.645];False
0x0000020136372940;char_line;[0.0, 0.01084, 0.03655, 0.07779, 0.13389, 0.20417, 0.28796, 0.38458, 0.49337, 0.61364, 0.74473, 0.88595, 1.0, 1.19613, 1.36374, 1.53879, 1.72061, 1.90854, 2.10189, 2.29999, 2.50217, 2.70776, 2.91608, 3.0];[0.01, 0.09598, 0.18995, 0.28191, 0.37185, 0.45974, 0.54557, 0.62932, 0.71098, 0.79053, 0.86796, 0.94324, 1.0, 1.0873, 1.15605, 1.22259, 1.28691, 1.34898, 1.40879, 1.46633, 1.52157, 1.5745, 1.62511, 1.645];False
0x00000201363729B0;char_line;[0.0, 0.01084, 0.03655, 0.07779, 0.13389, 0.20417, 0.28796, 0.38458, 0.49337, 0.61364, 0.74473, 0.88595, 1.0, 1.19613, 1.36374, 1.53879, 1.72061, 1.90854, 2.10189, 2.29999, 2.50217, 2.70776, 2.91608, 3.0];[0.01, 0.09598, 0.18995, 0.28191, 0.37185, 0.45974, 0.54557, 0.62932, 0.71098, 0.79053, 0.86796, 0.94324, 1.0, 1.0873, 1.15605, 1.22259, 1.28691, 1.34898, 1.40879, 1.46633, 1.52157, 1.5745, 1.62511, 1.645];False
0x0000020136372A20;char_line;[0.0, 0.01084, 0.03655, 0.07779, 0.13389, 0.20417, 0.28796, 0.38458, 0.49337, 0.61364, 0.74473, 0.88595, 1.0, 1.19613, 1.36374, 1.53879, 1.72061, 1.90854, 2.10189, 2.29999, 2.50217, 2.70776, 2.91608, 3.0];[0.01, 0.09598, 0.18995, 0.28191, 0.37185, 0.45974, 0.54557, 0.62932, 0.71098, 0.79053, 0.86796, 0.94324, 1.0, 1.0873, 1.15605, 1.22259, 1.28691, 1.34898, 1.40879, 1.46633, 1.52157, 1.5745, 1.62511, 1.645];False
0x0000020136372A90;char_line;[0.0, 0.01084, 0.03655, 0.07779, 0.13389, 0.20417, 0.28796, 0.38458, 0.49337, 0.61364, 0.74473, 0.88595, 1.0, 1.19613, 1.36374, 1.53879, 1.72061, 1.90854, 2.10189, 2.29999, 2.50217, 2.70776, 2.91608, 3.0];[0.01, 0.09598, 0.18995, 0.28191, 0.37185, 0.45974, 0.54557, 0.62932, 0.71098, 0.79053, 0.86796, 0.94324, 1.0, 1.0873, 1.15605, 1.22259, 1.28691, 1.34898, 1.40879, 1.46633, 1.52157, 1.5745, 1.62511, 1.645];False
0x0000020136372B00;char_line;[0.0, 0.01084, 0.03655, 0.07779, 0.13389, 0.20417, 0.28796, 0.38458, 0.49337, 0.61364, 0.74473, 0.88595, 1.0, 1.19613, 1.36374, 1.53879, 1.72061, 1.90854, 2.10189, 2.29999, 2.50217, 2.70776, 2.91608, 3.0];[0.01, 0.09598, 0.18995, 0.28191, 0.37185, 0.45974, 0.54557, 0.62932, 0.71098, 0.79053, 0.86796, 0.94324, 1.0, 1.0873, 1.15605, 1.22259, 1.28691, 1.34898, 1.40879, 1.46633, 1.52157, 1.5745, 1.62511, 1.645];False
0x0000020136372BA8;char_line;[0.0, 0.01084, 0.03655, 0.07779, 0.13389, 0.20417, 0.28796, 0.38458, 0.49337, 0.61364, 0.74473, 0.88595, 1.0, 1.19613, 1.36374, 1.53879, 1.72061, 1.90854, 2.10189, 2.29999, 2.50217, 2.70776, 2.91608, 3.0];[0.01, 0.09598, 0.18995, 0.28191, 0.37185, 0.45974, 0.54557, 0.62932, 0.71098, 0.79053, 0.86796, 0.94324, 1.0, 1.0873, 1.15605, 1.22259, 1.28691, 1.34898, 1.40879, 1.46633, 1.52157, 1.5745, 1.62511, 1.645];False
0x0000020136372BE0;char_line;[0.0, 0.01084, 0.03655, 0.07779, 0.13389, 0.20417, 0.28796, 0.38458, 0.49337, 0.61364, 0.74473, 0.88595, 1.0, 1.19613, 1.36374, 1.53879, 1.72061, 1.90854, 2.10189, 2.29999, 2.50217, 2.70776, 2.91608, 3.0];[0.01, 0.09598, 0.18995, 0.28191, 0.37185, 0.45974, 0.54557, 0.62932, 0.71098, 0.79053, 0.86796, 0.94324, 1.0, 1.0873, 1.15605, 1.22259, 1.28691, 1.34898, 1.40879, 1.46633, 1.52157, 1.5745, 1.62511, 1.645];False
0x0000020136372CC0;char_line;[0.0, 0.01084, 0.03655, 0.07779, 0.13389, 0.20417, 0.28796, 0.38458, 0.49337, 0.61364, 0.74473, 0.88595, 1.0, 1.19613, 1.36374, 1.53879, 1.72061, 1.90854, 2.10189, 2.29999, 2.50217, 2.70776, 2.91608, 3.0];[0.01, 0.09598, 0.18995, 0.28191, 0.37185, 0.45974, 0.54557, 0.62932, 0.71098, 0.79053, 0.86796, 0.94324, 1.0, 1.0873, 1.15605, 1.22259, 1.28691, 1.34898, 1.40879, 1.46633, 1.52157, 1.5745, 1.62511, 1.645];False
0x0000020136372CF8;char_line;[0.0, 0.01084, 0.03655, 0.07779, 0.13389, 0.20417, 0.28796, 0.38458, 0.49337, 0.61364, 0.74473, 0.88595, 1.0, 1.19613, 1.36374, 1.53879, 1.72061, 1.90854, 2.10189, 2.29999, 2.50217, 2.70776, 2.91608, 3.0];[0.01, 0.09598, 0.18995, 0.28191, 0.37185, 0.45974, 0.54557, 0.62932, 0.71098, 0.79053, 0.86796, 0.94324, 1.0, 1.0873, 1.15605, 1.22259, 1.28691, 1.34898, 1.40879, 1.46633, 1.52157, 1.5745, 1.62511, 1.645];False
0x0000020136372D30;char_line;[0.0, 0.01084, 0.03655, 0.07779, 0.13389, 0.20417, 0.28796, 0.38458, 0.49337, 0.61364, 0.74473, 0.88595, 1.0, 1.19613, 1.36374, 1.53879, 1.72061, 1.90854, 2.10189, 2.29999, 2.50217, 2.70776, 2.91608, 3.0];[0.01, 0.09598, 0.18995, 0.28191, 0.37185, 0.45974, 0.54557, 0.62932, 0.71098, 0.79053, 0.86796, 0.94324, 1.0, 1.0873, 1.15605, 1.22259, 1.28691, 1.34898, 1.40879, 1.46633, 1.52157, 1.5745, 1.62511, 1.645];False
0x00000201353B2390;char_line;[0.0, 0.01084, 0.03655, 0.07779, 0.13389, 0.20417, 0.28796, 0.38458, 0.49337, 0.61364, 0.74473, 0.88595, 1.0, 1.19613, 1.36374, 1.53879, 1.72061, 1.90854, 2.10189, 2.29999, 2.50217, 2.70776, 2.91608, 3.0];[0.01, 0.09598, 0.18995, 0.28191, 0.37185, 0.45974, 0.54557, 0.62932, 0.71098, 0.79053, 0.86796, 0.94324, 1.0, 1.0873, 1.15605, 1.22259, 1.28691, 1.34898, 1.40879, 1.46633, 1.52157, 1.5745, 1.62511, 1.645];False
0x00000201353B24E0;char_line;[0.0, 0.01084, 0.03655, 0.07779, 0.13389, 0.20417, 0.28796, 0.38458, 0.49337, 0.61364, 0.74473, 0.88595, 1.0, 1.19613, 1.36374, 1.53879, 1.72061, 1.90854, 2.10189, 2.29999, 2.50217, 2.70776, 2.91608, 3.0];[0.01, 0.09598, 0.18995, 0.28191, 0.37185, 0.45974, 0.54557, 0.62932, 0.71098, 0.79053, 0.86796, 0.94324, 1.0, 1.0873, 1.15605, 1.22259, 1.28691, 1.34898, 1.40879, 1.46633, 1.52157, 1.5745, 1.62511, 1.645];False
0x00000201353B2518;char_line;[0.0, 0.01084, 0.03655, 0.07779, 0.13389, 0.20417, 0.28796, 0.38458, 0.49337, 0.61364, 0.74473, 0.88595, 1.0, 1.19613, 1.36374, 1.53879, 1.72061, 1.90854, 2.10189, 2.29999, 2.50217, 2.70776, 2.91608, 3.0];[0.01, 0.09598, 0.18995, 0.28191, 0.37185, 0.45974, 0.54557, 0.62932, 0.71098, 0.79053, 0.86796, 0.94324, 1.0, 1.0873, 1.15605, 1.22259, 1.28691, 1.34898, 1.40879, 1.46633, 1.52157, 1.5745, 1.62511, 1.645];False
0x00000201353B24A8;char_line;[0.0, 0.01084, 0.03655, 0.07779, 0.13389, 0.20417, 0.28796, 0.38458, 0.49337, 0.61364, 0.74473, 0.88595, 1.0, 1.19613, 1.36374, 1.53879, 1.72061, 1.90854, 2.10189, 2.29999, 2.50217, 2.70776, 2.91608, 3.0];[0.01, 0.09598, 0.18995, 0.28191, 0.37185, 0.45974, 0.54557, 0.62932, 0.71098, 0.79053, 0.86796, 0.94324, 1.0, 1.0873, 1.15605, 1.22259, 1.28691, 1.34898, 1.40879, 1.46633, 1.52157, 1.5745, 1.62511, 1.645];False
0x00000201353B2828;char_line;[0.0, 0.01084, 0.03655, 0.07779, 0.13389, 0.20417, 0.28796, 0.38458, 0.49337, 0.61364, 0.74473, 0.88595, 1.0, 1.19613, 1.36374, 1.53879, 1.72061, 1.90854, 2.10189, 2.29999, 2.50217, 2.70776, 2.91608, 3.0];[0.01, 0.09598, 0.18995, 0.28191, 0.37185, 0.45974, 0.54557, 0.62932, 0.71098, 0.79053, 0.86796, 0.94324, 1.0, 1.0873, 1.15605, 1.22259, 1.28691, 1.34898, 1.40879, 1.46633, 1.52157, 1.5745, 1.62511, 1.645];False
0x00000201353B2550;char_line;[0.0, 0.01084, 0.03655, 0.07779, 0.13389, 0.20417, 0.28796, 0.38458, 0.49337, 0.61364, 0.74473, 0.88595, 1.0, 1.19613, 1.36374, 1.53879, 1.72061, 1.90854, 2.10189, 2.29999, 2.50217, 2.70776, 2.91608, 3.0];[0.01, 0.09598, 0.18995, 0.28191, 0.37185, 0.45974, 0.54557, 0.62932, 0.71098, 0.79053, 0.86796, 0.94324, 1.0, 1.0873, 1.15605, 1.22259, 1.28691, 1.34898, 1.40879, 1.46633, 1.52157, 1.5745, 1.62511, 1.645];False
0x00000201353B2400;char_line;[0.0, 0.01084, 0.03655, 0.07779, 0.13389, 0.20417, 0.28796, 0.38458, 0.49337, 0.61364, 0.74473, 0.88595, 1.0, 1.19613, 1.36374, 1.53879, 1.72061, 1.90854, 2.10189, 2.29999, 2.50217, 2.70776, 2.91608, 3.0];[0.01, 0.09598, 0.18995, 0.28191, 0.37185, 0.45974, 0.54557, 0.62932, 0.71098, 0.79053, 0.86796, 0.94324, 1.0, 1.0873, 1.15605, 1.22259, 1.28691, 1.34898, 1.40879, 1.46633, 1.52157, 1.5745, 1.62511, 1.645];False
0x00000201353B2588;char_line;[0.0, 0.01084, 0.03655, 0.07779, 0.13389, 0.20417, 0.28796, 0.38458, 0.49337, 0.61364, 0.74473, 0.88595, 1.0, 1.19613, 1.36374, 1.53879, 1.72061, 1.90854, 2.10189, 2.29999, 2.50217, 2.70776, 2.91608, 3.0];[0.01, 0.09598, 0.18995, 0.28191, 0.37185, 0.45974, 0.54557, 0.62932, 0.71098, 0.79053, 0.86796, 0.94324, 1.0, 1.0873, 1.15605, 1.22259, 1.28691, 1.34898, 1.40879, 1.46633, 1.52157, 1.5745, 1.62511, 1.645];False
0x00000201353B23C8;char_line;[0.0, 0.01084, 0.03655, 0.07779, 0.13389, 0.20417, 0.28796, 0.38458, 0.49337, 0.61364, 0.74473, 0.88595, 1.0, 1.19613, 1.36374, 1.53879, 1.72061, 1.90854, 2.10189, 2.29999, 2.50217, 2.70776, 2.91608, 3.0];[0.01, 0.09598, 0.18995, 0.28191, 0.37185, 0.45974, 0.54557, 0.62932, 0.71098, 0.79053, 0.86796, 0.94324, 1.0, 1.0873, 1.15605, 1.22259, 1.28691, 1.34898, 1.40879, 1.46633, 1.52157, 1.5745, 1.62511, 1.645];False
0x00000201353B27B8;char_line;[0.0, 0.01084, 0.03655, 0.07779, 0.13389, 0.20417, 0.28796, 0.38458, 0.49337, 0.61364, 0.74473, 0.88595, 1.0, 1.19613, 1.36374, 1.53879, 1.72061, 1.90854, 2.10189, 2.29999, 2.50217, 2.70776, 2.91608, 3.0];[0.01, 0.09598, 0.18995, 0.28191, 0.37185, 0.45974, 0.54557, 0.62932, 0.71098, 0.79053, 0.86796, 0.94324, 1.0, 1.0873, 1.15605, 1.22259, 1.28691, 1.34898, 1.40879, 1.46633, 1.52157, 1.5745, 1.62511, 1.645];False
0x00000201353B2898;char_line;[0.0, 0.01084, 0.03655, 0.07779, 0.13389, 0.20417, 0.28796, 0.38458, 0.49337, 0.61364, 0.74473, 0.88595, 1.0, 1.19613, 1.36374, 1.53879, 1.72061, 1.90854, 2.10189, 2.29999, 2.50217, 2.70776, 2.91608, 3.0];[0.01, 0.09598, 0.18995, 0.28191, 0.37185, 0.45974, 0.54557, 0.62932, 0.71098, 0.79053, 0.86796, 0.94324, 1.0, 1.0873, 1.15605, 1.22259, 1.28691, 1.34898, 1.40879, 1.46633, 1.52157, 1.5745, 1.62511, 1.645];False
0x00000201353B2908;char_line;[0.0, 0.01084, 0.03655, 0.07779, 0.13389, 0.20417, 0.28796, 0.38458, 0.49337, 0.61364, 0.74473, 0.88595, 1.0, 1.19613, 1.36374, 1.53879, 1.72061, 1.90854, 2.10189, 2.29999, 2.50217, 2.70776, 2.91608, 3.0];[0.01, 0.09598, 0.18995, 0.28191, 0.37185, 0.45974, 0.54557, 0.62932, 0.71098, 0.79053, 0.86796, 0.94324, 1.0, 1.0873, 1.15605, 1.22259, 1.28691, 1.34898, 1.40879, 1.46633, 1.52157, 1.5745, 1.62511, 1.645];False
0x00000201353B2978;char_line;[0.0, 0.01084, 0.03655, 0.07779, 0.13389, 0.20417, 0.28796, 0.38458, 0.49337, 0.61364, 0.74473, 0.88595, 1.0, 1.19613, 1.36374, 1.53879, 1.72061, 1.90854, 2.10189, 2.29999, 2.50217, 2.70776, 2.91608, 3.0];[0.01, 0.09598, 0.18995, 0.28191, 0.37185, 0.45974, 0.54557, 0.62932, 0.71098, 0.79053, 0.86796, 0.94324, 1.0, 1.0873, 1.15605, 1.22259, 1.28691, 1.34898, 1.40879, 1.46633, 1.52157, 1.5745, 1.62511, 1.645];False
0x00000201353B29E8;char_line;[0.0, 0.01084, 0.03655, 0.07779, 0.13389, 0.20417, 0.28796, 0.38458, 0.49337, 0.61364, 0.74473, 0.88595, 1.0, 1.19613, 1.36374, 1.53879, 1.72061, 1.90854, 2.10189, 2.29999, 2.50217, 2.70776, 2.91608, 3.0];[0.01, 0.09598, 0.18995, 0.28191, 0.37185, 0.45974, 0.54557, 0.62932, 0.71098, 0.79053, 0.86796, 0.94324, 1.0, 1.0873, 1.15605, 1.22259, 1.28691, 1.34898, 1.40879, 1.46633, 1.52157, 1.5745, 1.62511, 1.645];False
0x00000201353B2A58;char_line;[0.0, 0.01084, 0.03655, 0.07779, 0.13389, 0.20417, 0.28796, 0.38458, 0.49337, 0.61364, 0.74473, 0.88595, 1.0, 1.19613, 1.36374, 1.53879, 1.72061, 1.90854, 2.10189, 2.29999, 2.50217, 2.70776, 2.91608, 3.0];[0.01, 0.09598, 0.18995, 0.28191, 0.37185, 0.45974, 0.54557, 0.62932, 0.71098, 0.79053, 0.86796, 0.94324, 1.0, 1.0873, 1.15605, 1.22259, 1.28691, 1.34898, 1.40879, 1.46633, 1.52157, 1.5745, 1.62511, 1.645];False
0x00000201353B2AC8;char_line;[0.0, 0.01084, 0.03655, 0.07779, 0.13389, 0.20417, 0.28796, 0.38458, 0.49337, 0.61364, 0.74473, 0.88595, 1.0, 1.19613, 1.36374, 1.53879, 1.72061, 1.90854, 2.10189, 2.29999, 2.50217, 2.70776, 2.91608, 3.0];[0.01, 0.09598, 0.18995, 0.28191, 0.37185, 0.45974, 0.54557, 0.62932, 0.71098, 0.79053, 0.86796, 0.94324, 1.0, 1.0873, 1.15605, 1.22259, 1.28691, 1.34898, 1.40879, 1.46633, 1.52157, 1.5745, 1.62511, 1.645];False
0x00000201353B2B38;char_line;[0.0, 0.01084, 0.03655, 0.07779, 0.13389, 0.20417, 0.28796, 0.38458, 0.49337, 0.61364, 0.74473, 0.88595, 1.0, 1.19613, 1.36374, 1.53879, 1.72061, 1.90854, 2.10189, 2.29999, 2.50217, 2.70776, 2.91608, 3.0];[0.01, 0.09598, 0.18995, 0.28191, 0.37185, 0.45974, 0.54557, 0.62932, 0.71098, 0.79053, 0.86796, 0.94324, 1.0, 1.0873, 1.15605, 1.22259, 1.28691, 1.34898, 1.40879, 1.46633, 1.52157, 1.5745, 1.62511, 1.645];False
0x0000020135375390;char_line;[0.0, 3.0];[1.0, 1.0];False
0x0000020135CDE668;char_line;[0.0, 3.0];[1.0, 1.0];False
